id;nama_gambar;entropi;energi;homogenitas;kontras;korelasi;rd_level
1;20051019_38557_0100_PP.tif;1,844;0,30703;0,70456;19211,599;0,39058;severe
2;20051020_43808_0100_PP.tif;1,956;0,26512;0,50622;32108,426;-0,01829;noRD
3;20051020_43832_0100_PP.tif;1,886;0,29124;0,67916;20863,096;0,34635;moderate
4;20051020_43882_0100_PP.tif;1,999;0,25019;0,4967;32727,39;-0,00696;mild
5;20051020_43906_0100_PP.tif;1,984;0,25557;0,50135;32425,169;-0,00854;severe
6;20051020_44261_0100_PP.tif;1,961;0,26329;0,61528;25016,583;0,23055;noRD
7;20051020_44284_0100_PP.tif;1,978;0,25785;0,52227;31064,768;0,03026;noRD
8;20051020_44338_0100_PP.tif;1,882;0,29498;0,58676;26871,593;0,10658;noRD
9;20051020_44349_0100_PP.tif;2,000;0,25006;0,49517;32827,039;-0,00976;severe
10;20051020_44400_0100_PP.tif;1,982;0,25638;0,50917;31916,478;0,00581;noRD
11;20051020_44431_0100_PP.tif;1,847;0,30504;0,70852;18953,454;0,40325;noRD
12;20051020_44598_0100_PP.tif;1,973;0,2596;0,59194;26534,577;0,18198;severe
13;20051020_44636_0100_PP.tif;1,947;0,26981;0,55916;28666,334;0,08857;severe
14;20051020_44692_0100_PP.tif;1,975;0,25791;0,45945;35150,06;-0,09484;noRD
15;20051020_44714_0100_PP.tif;1,927;0,27512;0,65749;22272,048;0,31453;noRD
16;20051020_44762_0100_PP.tif;1,922;0,27705;0,6604;22082,652;0,319;noRD
17;20051020_44782_0100_PP.tif;1,932;0,27539;0,61977;24724,737;0,22235;moderate
18;20051020_44843_0100_PP.tif;1,956;0,26527;0,50654;32087,84;-0,01793;severe
19;20051020_44901_0100_PP.tif;1,998;0,25077;0,52539;30861,857;0,05054;mild
20;20051020_44923_0100_PP.tif;1,939;0,27175;0,53109;30491,64;0,02148;mild
21;20051020_44982_0100_PP.tif;1,994;0,25218;0,45516;35428,9;-0,09007;noRD
22;20051020_45004_0100_PP.tif;1,936;0,27263;0,64152;23310,248;0,27928;mild
23;20051020_45050_0100_PP.tif;1,957;0,26627;0,57592;27576,377;0,13361;severe
24;20051020_45068_0100_PP.tif;1,947;0,26818;0,63273;23881,783;0,26463;severe
25;20051020_45110_0100_PP.tif;1,950;0,26752;0,52069;31167,796;0,00742;severe
26;20051020_45137_0100_PP.tif;1,919;0,28127;0,61022;25345,998;0,18942;severe
27;20051020_52801_0100_PP.tif;1,934;0,27352;0,64062;23368,848;0,2758;severe
28;20051020_53062_0100_PP.tif;1,828;0,29659;0,41035;38342,531;-0,27785;severe
29;20051020_53178_0100_PP.tif;1,938;0,27121;0,3556;41902,94;-0,28973;severe
30;20051020_55701_0100_PP.tif;1,981;0,25646;0,57891;27381,491;0,15743;moderate
31;20051020_56592_0100_PP.tif;1,997;0,25101;0,52716;30746,747;0,0538;moderate
32;20051020_56791_0100_PP.tif;1,934;0,27098;0,37336;40747,789;-0,2658;noRD
33;20051020_57157_0100_PP.tif;1,931;0,27087;0,44418;36142,623;-0,15258;noRD
34;20051020_57622_0100_PP.tif;1,968;0,26021;0,44653;35989,927;-0,12347;severe
35;20051020_57761_0100_PP.tif;1,960;0,2638;0,61672;24922,984;0,23317;severe
36;20051020_57844_0100_PP.tif;1,953;0,2664;0,62097;24647,007;0,23922;severe
37;20051020_57967_0100_PP.tif;1,981;0,25644;0,4803;33794,298;-0,05216;noRD
38;20051020_58065_0100_PP.tif;1,976;0,25853;0,58681;26867,816;0,17197;noRD
39;20051020_58214_0100_PP.tif;1,957;0,26352;0,45185;35644,067;-0,12145;severe
40;20051020_58276_0100_PP.tif;1,859;0,29632;0,28862;46258,277;-0,42745;severe
41;20051020_61557_0100_PP.tif;1,928;0,27732;0,57895;27378,892;0,12083;severe
42;20051020_61757_0100_PP.tif;1,931;0,27559;0,62283;24525,697;0,22946;noRD
43;20051020_61804_0100_PP.tif;1,990;0,25345;0,48566;33445,15;-0,03541;noRD
44;20051020_61907_0100_PP.tif;1,867;0,29463;0,71118;18780,51;0,42232;noRD
45;20051020_61998_0100_PP.tif;1,983;0,25634;0,5585;28709,25;0,1118;moderate
46;20051020_62014_0100_PP.tif;1,990;0,25329;0,49648;32741,617;-0,01368;moderate
47;20051020_62337_0100_PP.tif;1,959;0,26311;0,40476;38706,27;-0,20019;severe
48;20051020_62385_0100_PP.tif;1,946;0,26862;0,63551;23701,365;0,27063;severe
49;20051020_62461_0100_PP.tif;1,981;0,25704;0,56072;28564,549;0,11549;moderate
50;20051020_62510_0100_PP.tif;1,978;0,25797;0,5395;29944,515;0,06702;noRD
51;20051020_62577_0100_PP.tif;1,985;0,25524;0,56477;28301,195;0,12771;mild
52;20051020_62615_0100_PP.tif;1,824;0,30839;0,25839;48223,62;-0,48326;mild
53;20051020_62709_0100_PP.tif;1,988;0,25385;0,48042;33786,009;-0,04642;severe
54;20051020_62802_0100_PP.tif;1,993;0,25255;0,4498;35777,615;-0,10049;severe
55;20051020_62878_0100_PP.tif;1,960;0,26394;0,61443;25072,269;0,22754;mild
56;20051020_63045_0100_PP.tif;1,977;0,25766;0,42644;37296,489;-0,15233;severe
57;20051020_63141_0100_PP.tif;1,963;0,26205;0,47361;34229,314;-0,07726;severe
58;20051020_63269_0100_PP.tif;1,947;0,26753;0,37319;40758,623;-0,25728;noRD
59;20051020_63337_0100_PP.tif;1,952;0,26767;0,5502;29248,92;0,07226;moderate
60;20051020_63711_0100_PP.tif;1,999;0,25042;0,48149;33716,591;-0,0372;mild
61;20051020_63829_0100_PP.tif;1,869;0,30143;0,63772;23557,829;0,2251;mild
62;20051020_63936_0100_PP.tif;1,924;0,27823;0,55656;28835,054;0,06636;severe
63;20051020_64007_0100_PP.tif;1,250;0,55596;0,87138;8363,918;0,61253;moderate
64;20051020_64249_0100_PP.tif;1,981;0,25691;0,55503;28934,677;0,10307;noRD
65;20051020_64388_0100_PP.tif;1,834;0,3105;0,7123;18708,226;0,40626;noRD
66;20051020_64518_0100_PP.tif;1,992;0,25295;0,52826;30675,097;0,05244;severe
67;20051020_64570_0100_PP.tif;1,997;0,25089;0,5029;32324,309;0,00404;severe
68;20051020_64653_0100_PP.tif;1,950;0,26854;0,55307;29061,76;0,07711;noRD
69;20051020_64703_0100_PP.tif;1,968;0,26115;0,60289;25822,623;0,20487;noRD
70;20051020_64775_0100_PP.tif;1,983;0,2563;0,54478;29601,204;0,08165;noRD
71;20051020_64836_0100_PP.tif;1,948;0,26798;0,63076;24010,177;0,26021;noRD
72;20051020_64945_0100_PP.tif;1,840;0,30435;0,52826;30675,196;-0,05667;moderate
73;20051020_64993_0100_PP.tif;1,998;0,25082;0,48173;33700,984;-0,03757;moderate
74;20051020_65166_0100_PP.tif;1,909;0,28284;0,66077;22058,527;0,31191;severe
75;20051020_65230_0100_PP.tif;1,952;0,26736;0,52993;30567,043;0,02782;severe
76;20051021_36097_0100_PP.tif;1,920;0,2769;0,33735;43089,763;-0,32649;severe
77;20051021_36208_0100_PP.tif;1,935;0,27233;0,64889;22831,021;0,29755;severe
78;20051021_36380_0100_PP.tif;1,960;0,26374;0,61637;24945,934;0,23242;moderate
79;20051021_36476_0100_PP.tif;1,998;0,25069;0,49877;32592,877;-0,00386;noRD
80;20051021_39222_0100_PP.tif;1,861;0,30184;0,68787;20296,844;0,35435;severe
81;20051021_39314_0100_PP.tif;1,789;0,33218;0,71127;18775,174;0,37564;severe
82;20051021_39482_0100_PP.tif;1,878;0,29484;0,67906;20869,254;0,34129;noRD
83;20051021_39552_0100_PP.tif;1,991;0,25307;0,52475;30903,478;0,04479;severe
84;20051021_39661_0100_PP.tif;1,946;0,26933;0,62291;24520,531;0,23939;moderate
85;20051021_39719_0100_PP.tif;1,984;0,25548;0,42656;37288,312;-0,14709;severe
86;20051021_39845_0100_PP.tif;1,976;0,25795;0,41942;37752,749;-0,16456;noRD
87;20051021_39914_0100_PP.tif;1,862;0,29534;0,2911;46096,974;-0,42264;noRD
88;20051021_40018_0100_PP.tif;1,989;0,25353;0,47317;34257,774;-0,05963;noRD
89;20051021_40074_0100_PP.tif;1,722;0,35708;0,75248;16095,103;0,45798;severe
90;20051021_40180_0100_PP.tif;1,975;0,2587;0,59102;26594,569;0,18134;mild
91;20051021_40248_0100_PP.tif;1,977;0,25819;0,56968;27981,794;0,13357;mild
92;20051021_40377_0100_PP.tif;1,991;0,25332;0,53733;30085,536;0,07107;severe
93;20051021_40450_0100_PP.tif;1,999;0,25031;0,4951;32831,703;-0,0104;severe
94;20051021_51418_0100_PP.tif;1,967;0,26039;0,45717;35297,889;-0,10457;noRD
95;20051021_51476_0100_PP.tif;1,993;0,25233;0,51774;31359,459;0,03155;noRD
96;20051021_51561_0100_PP.tif;1,896;0,28983;0,59045;26631,534;0,12553;severe
97;20051021_51625_0100_PP.tif;1,957;0,26538;0,60827;25472,892;0,21075;severe
98;20051021_51748_0100_PP.tif;1,931;0,27621;0,57164;27854,266;0,10556;severe
99;20051021_51804_0100_PP.tif;1,899;0,27904;0,40434;38733,67;-0,2407;severe
100;20051021_51936_0100_PP.tif;1,992;0,25284;0,44689;35966,207;-0,10627;noRD
101;20051021_51994_0100_PP.tif;1,958;0,26464;0,51721;31393,683;0,00589;noRD
102;20051021_52075_0100_PP.tif;1,918;0,27451;0,38196;40188,962;-0,26281;severe
103;20051021_52127_0100_PP.tif;1,835;0,30376;0,27159;47365,683;-0,46147;severe
104;20051021_57798_0100_PP.tif;1,927;0,27527;0,65346;22533,8;0,30453;noRD
105;20051021_57862_0100_PP.tif;1,972;0,2593;0,48733;33336,873;-0,04445;noRD
106;20051021_57975_0100_PP.tif;1,997;0,25097;0,48063;33772,764;-0,04;noRD
107;20051021_58035_0100_PP.tif;1,881;0,29314;0,67991;20814,421;0,3457;noRD
108;20051021_58178_0100_PP.tif;1,969;0,26152;0,54696;29459,376;0,07671;mild
109;20051021_58316_0100_PP.tif;2,000;0,25006;0,49699;32708,893;-0,00615;noRD
110;20051021_58388_0100_PP.tif;1,924;0,27445;0,35518;41930,152;-0,2987;mild
111;20051021_58522_0100_PP.tif;1,978;0,25745;0,58617;26909,397;0,1723;noRD
112;20051021_58683_0100_PP.tif;1,950;0,26689;0,49644;32744,792;-0,04232;severe
113;20051109_57451_0400_PP.tif;1,971;0,25963;0,41209;38229,13;-0,18032;noRD
114;20051109_57843_0400_PP.tif;1,784;0,32167;0,76453;15311,637;0,52745;noRD
115;20051109_59582_0400_PP.tif;1,952;0,26678;0,62186;24589,191;0,24077;noRD
116;20051109_59751_0400_PP.tif;1,911;0,28049;0,67248;21297,395;0,34397;noRD
117;20051109_59864_0400_PP.tif;1,900;0,28098;0,46921;34514,926;-0,12943;noRD
118;20051109_59969_0400_PP.tif;1,997;0,25088;0,49305;32965,211;-0,01562;noRD
119;20051109_60031_0400_PP.tif;1,986;0,25491;0,53085;30507,219;0,05419;noRD
120;20051109_60136_0400_PP.tif;1,984;0,25566;0,57504;27633,247;0,15002;noRD
121;20051110_33960_0400_PP.tif;1,999;0,25036;0,48171;33702,482;-0,03665;noRD
122;20051110_34013_0400_PP.tif;1,817;0,31381;0,73545;17202,951;0,46186;noRD
123;20051110_34071_0400_PP.tif;1,991;0,25302;0,4774;33982,31;-0,05047;noRD
124;20051110_34493_0400_PP.tif;1,996;0,2513;0,53594;30175,972;0,07185;noRD
125;20051110_35239_0400_PP.tif;1,991;0,25321;0,51573;31490;0,02567;noRD
126;20051110_35279_0400_PP.tif;1,980;0,25701;0,5148;31550,704;0,01622;noRD
127;20051110_35332_0400_PP.tif;1,989;0,25407;0,5509;29203,286;0,09911;noRD
128;20051110_35926_0400_PP.tif;1,997;0,25089;0,51354;31632,651;0,02569;noRD
129;20051110_37992_0400_PP.tif;1,979;0,25788;0,55309;29060,707;0,09702;noRD
130;20051110_38111_0400_PP.tif;1,998;0,25073;0,51514;31528,796;0,02928;noRD
131;20051110_38156_0400_PP.tif;1,911;0,27676;0,44515;36079,473;-0,16506;noRD
132;20051110_38194_0400_PP.tif;1,826;0,29632;0,37954;40345,734;-0,32525;noRD
133;20051116_43954_0400_PP.tif;1,881;0,29172;0,69165;20051,065;0,37706;moderate
134;20051116_43995_0400_PP.tif;1,988;0,25398;0,43901;36478,846;-0,12259;moderate
135;20051116_44026_0400_PP.tif;1,986;0,25468;0,43246;36904,894;-0,13536;moderate
136;20051116_44051_0400_PP.tif;1,969;0,26087;0,6024;25854,639;0,20417;moderate
137;20051116_44070_0400_PP.tif;1,960;0,26472;0,59988;26018,385;0,19208;moderate
138;20051116_44083_0400_PP.tif;1,981;0,25628;0,48929;33209,21;-0,03418;moderate
139;20051116_44126_0400_PP.tif;1,968;0,26194;0,56247;28450,584;0,11063;moderate
140;20051116_44482_0400_PP.tif;1,966;0,26212;0,52377;30967,044;0,02499;moderate
141;20051116_44586_0400_PP.tif;1,987;0,25484;0,53037;30537,958;0,05331;moderate
142;20051116_44615_0400_PP.tif;1,932;0,27063;0,43547;36709,368;-0,16754;moderate
143;20051116_44648_0400_PP.tif;1,973;0,26002;0,56878;28040,432;0,12833;moderate
144;20051116_44690_0400_PP.tif;1,979;0,25691;0,44151;36316,397;-0,12484;moderate
145;20051116_44718_0400_PP.tif;1,967;0,26157;0,52077;31162,284;0,0197;moderate
146;20051116_44750_0400_PP.tif;1,947;0,26986;0,57473;27653,642;0,12445;moderate
147;20051116_44785_0400_PP.tif;1,999;0,25033;0,48204;33680,662;-0,03594;moderate
148;20051116_44804_0400_PP.tif;1,921;0,27759;0,5191;31270,826;-0,0172;moderate
149;20051116_44816_0400_PP.tif;1,918;0,28039;0,6419;23285,642;0,2688;moderate
150;20051116_54343_0400_PP.tif;1,895;0,2857;0,68772;20306,183;0,37486;mild
151;20051116_54429_0400_PP.tif;1,934;0,27197;0,35728;41793,55;-0,28957;mild
152;20051116_54454_0400_PP.tif;1,978;0,25733;0,48058;33775,829;-0,05351;mild
153;20051116_54484_0400_PP.tif;1,950;0,26788;0,61635;24947,443;0,22596;mild
154;20051116_54587_0400_PP.tif;1,978;0,2571;0,43441;36778,131;-0,13756;mild
155;20051116_54642_0400_PP.tif;1,647;0,39253;0,68041;20781,473;0,18058;mild
156;20051116_54663_0400_PP.tif;1,943;0,27169;0,58187;27189,487;0,13787;mild
157;20051116_54692_0400_PP.tif;1,949;0,26941;0,58709;26850,107;0,15415;mild
158;20051116_54825_0400_PP.tif;1,869;0,30031;0,66695;21656,786;0,3026;mild
159;20051116_54832_0400_PP.tif;1,963;0,26256;0,61205;25226,699;0,22409;mild
160;20051116_54839_0400_PP.tif;2,000;0,25001;0,5018;32396,207;0,00355;mild
161;20051116_54865_0400_PP.tif;1,982;0,25592;0,43639;36649,061;-0,13146;mild
162;20051116_55573_0400_PP.tif;1,988;0,25398;0,46055;35078,368;-0,08416;mild
163;20051116_55593_0400_PP.tif;1,984;0,25535;0,42684;37270,521;-0,14634;mild
164;20051116_55617_0400_PP.tif;1,969;0,26066;0,60224;25864,881;0,20413;mild
165;20051116_55643_0400_PP.tif;1,743;0,35349;0,70865;18945,621;0,33788;mild
166;20051116_55649_0400_PP.tif;1,889;0,28487;0,32949;43600,888;-0,35676;mild
167;20051116_55656_0400_PP.tif;1,972;0,26025;0,57833;27419,442;0,14964;mild
168;20051116_58804_0400_PP.tif;1,885;0,29458;0,63998;23410,6;0,24208;severe
169;20051116_58816_0400_PP.tif;1,957;0,26605;0,5559;28878,122;0,08822;severe
170;20051116_58828_0400_PP.tif;1,883;0,29539;0,60768;25510,993;0,15846;severe
171;20051116_58835_0400_PP.tif;1,888;0,29366;0,63264;23888,006;0,22485;severe
172;20051116_58850_0400_PP.tif;1,931;0,27337;0,34775;42413,075;-0,30501;severe
173;20051116_58864_0400_PP.tif;1,999;0,25021;0,50982;31874,64;0,01939;severe
174;20051116_58872_0400_PP.tif;1,950;0,26596;0,39633;39254,279;-0,22008;severe
175;20051116_59150_0400_PP.tif;1,970;0,2602;0,40544;38661,614;-0,19213;severe
176;20051116_59168_0400_PP.tif;1,959;0,26398;0,61667;24926,739;0,23275;severe
177;20051116_59193_0400_PP.tif;1,985;0,25513;0,43271;36888,343;-0,13596;severe
178;20051130_54257_0400_PP.tif;1,801;0,31808;0,74909;16315,97;0,49202;noRD
179;20051130_54301_0400_PP.tif;1,987;0,25421;0,44602;36022,784;-0,11085;noRD
180;20051130_54323_0400_PP.tif;1,984;0,25534;0,48785;33302,832;-0,03505;noRD
181;20051130_54333_0400_PP.tif;1,953;0,26587;0,37687;40519,444;-0,24804;noRD
182;20051130_54364_0400_PP.tif;1,966;0,26246;0,57906;27371,926;0,14752;noRD
183;20051130_54401_0400_PP.tif;1,994;0,252;0,48483;33499,385;-0,03402;noRD
184;20051130_54476_0400_PP.tif;1,989;0,25396;0,54759;29418,559;0,09209;noRD
185;20051130_54498_0400_PP.tif;1,994;0,2521;0,48841;33266,68;-0,02723;noRD
186;20051130_54595_0400_PP.tif;1,952;0,26812;0,57181;27843,256;0,12082;noRD
187;20051130_54616_0400_PP.tif;1,993;0,25236;0,5437;29671,187;0,08656;noRD
188;20051130_54802_0400_PP.tif;1,824;0,30978;0,5322;30419,13;-0,06017;noRD
189;20051130_54846_0400_PP.tif;1,939;0,27222;0,53731;30086,573;0,0344;noRD
190;20051130_54943_0400_PP.tif;1,935;0,27242;0,64782;22900,928;0,29481;noRD
191;20051130_54956_0400_PP.tif;1,839;0,30502;0,72586;17826,166;0,44728;noRD
192;20051130_55004_0400_PP.tif;1,988;0,25404;0,56341;28389,81;0,12677;noRD
193;20051130_55012_0400_PP.tif;1,809;0,30428;0,2998;45531,293;-0,44134;noRD
194;20051130_55037_0400_PP.tif;1,968;0,26172;0,55476;28952,487;0,09368;noRD
195;20051130_55048_0400_PP.tif;1,971;0,25979;0,40407;38751,234;-0,19327;noRD
196;20051130_55074_0400_PP.tif;1,950;0,2676;0,62188;24587,513;0,23957;noRD
197;20051130_55086_0400_PP.tif;1,837;0,30543;0,72985;17566,463;0,45687;noRD
198;20051201_38475_0400_PP.tif;1,985;0,25523;0,55735;28783,974;0,11122;noRD
199;20051201_38506_0400_PP.tif;1,879;0,29077;0,29852;45614,516;-0,40346;noRD
200;20051201_38537_0400_PP.tif;1,998;0,25083;0,48856;33256,922;-0,02432;noRD
201;20051202_36970_0400_PP.tif;1,774;0,33031;0,7545;15963,62;0,49326;moderate
202;20051202_37003_0400_PP.tif;1,993;0,25233;0,47104;34395,923;-0,0611;moderate
203;20051202_37011_0400_PP.tif;1,999;0,25022;0,50324;32302,604;0,00604;moderate
204;20051202_37162_0400_PP.tif;1,958;0,26394;0,38812;39788,175;-0,22726;moderate
205;20051202_37199_0400_PP.tif;1,996;0,25138;0,48037;33789,29;-0,04134;moderate
206;20051202_37227_0400_PP.tif;1,956;0,26637;0,57168;27851,738;0,12366;moderate
207;20051202_37349_0400_PP.tif;1,970;0,26123;0,56066;28568,501;0,10783;moderate
208;20051202_38513_0400_PP.tif;1,924;0,27675;0,651;22694,228;0,29642;moderate
209;20051202_39630_0400_PP.tif;1,837;0,30592;0,72784;17697,313;0,45128;moderate
210;20051202_39708_0400_PP.tif;1,966;0,2617;0,60748;25523,744;0,21472;moderate
211;20051202_39797_0400_PP.tif;1,994;0,25205;0,53992;29917,327;0,07898;moderate
212;20051202_40508_0400_PP.tif;1,993;0,25235;0,45965;35136,993;-0,08229;moderate
213;20051202_41034_0400_PP.tif;1,964;0,26351;0,56745;28126,741;0,11911;moderate
214;20051202_41076_0400_PP.tif;1,993;0,25235;0,45965;35136,993;-0,08229;moderate
215;20051202_41143_0400_PP.tif;1,970;0,26049;0,51469;31558,008;0,00899;moderate
216;20051202_41238_0400_PP.tif;1,972;0,26014;0,53946;29946,856;0,06283;moderate
217;20051202_41260_0400_PP.tif;1,967;0,26239;0,56632;28200,693;0,11852;moderate
218;20051202_48232_0400_PP.tif;1,853;0,30145;0,5398;29925,105;-0,0224;moderate
219;20051202_48264_0400_PP.tif;1,994;0,2521;0,51527;31519,778;0,0269;moderate
220;20051202_48287_0400_PP.tif;1,972;0,26014;0,53946;29946,856;0,06283;moderate
221;20051202_48310_0400_PP.tif;1,940;0,26973;0,36942;41004,304;-0,26797;moderate
222;20051202_48329_0400_PP.tif;1,919;0,27391;0,41375;38121,402;-0,21245;moderate
223;20051202_48393_0400_PP.tif;1,957;0,26361;0,40585;38635,398;-0,1997;moderate
224;20051202_48421_0400_PP.tif;1,845;0,29646;0,30635;45105,321;-0,41264;moderate
225;20051202_48443_0400_PP.tif;1,996;0,25147;0,53327;30349,518;0,06584;moderate
226;20051202_48575_0400_PP.tif;1,964;0,26351;0,56745;28126,741;0,11911;moderate
227;20051202_48586_0400_PP.tif;1,967;0,26239;0,56632;28200,693;0,11852;moderate
228;20051202_51488_0400_PP.tif;1,893;0,28249;0,34546;42561,857;-0,33201;mild
229;20051202_51518_0400_PP.tif;1,823;0,3171;0,70468;19203,477;0,37799;mild
230;20051202_51574_0400_PP.tif;1,902;0,28781;0,59234;26508,567;0,13394;mild
231;20051202_51599_0400_PP.tif;1,985;0,25527;0,56488;28293,918;0,12791;mild
232;20051202_51616_0400_PP.tif;1,799;0,33009;0,64606;23015,613;0,19783;mild
233;20051202_51655_0400_PP.tif;1,868;0,28702;0,41206;38231,686;-0,24906;mild
234;20051202_51677_0400_PP.tif;1,996;0,25128;0,479;33878,807;-0,04377;mild
235;20051202_54197_0400_PP.tif;1,948;0,26688;0,47647;34043,252;-0,08242;mild
236;20051202_54208_0400_PP.tif;1,896;0,28258;0,33534;43219,905;-0,34402;mild
237;20051202_54477_0400_PP.tif;1,978;0,25787;0,53931;29956,898;0,0668;mild
238;20051202_54498_0400_PP.tif;1,933;0,27286;0,65088;22701,833;0,30162;mild
239;20051202_54530_0400_PP.tif;1,982;0,25617;0,57838;27416,017;0,15671;mild
240;20051202_54547_0400_PP.tif;1,978;0,25798;0,55492;28941,691;0,1009;mild
241;20051202_54555_0400_PP.tif;1,963;0,26166;0,44977;35778,947;-0,12096;mild
242;20051202_54576_0400_PP.tif;1,975;0,25867;0,58566;26942,967;0,16909;mild
243;20051202_54611_0400_PP.tif;1,928;0,2747;0,65708;22298,745;0,31411;mild
244;20051202_54744_0400_PP.tif;1,858;0,28996;0,35203;42134,59;-0,34452;mild
245;20051202_54783_0400_PP.tif;1,998;0,25059;0,4773;33988,951;-0,04557;mild
246;20051202_55457_0400_PP.tif;1,982;0,25617;0,57838;27416,017;0,15671;mild
247;20051202_55484_0400_PP.tif;1,963;0,26166;0,44977;35778,947;-0,12096;mild
248;20051205_31388_0400_PP.tif;1,985;0,25522;0,57199;27831,499;0,1439;severe
249;20051205_31396_0400_PP.tif;1,987;0,25422;0,45867;35200,797;-0,08814;severe
250;20051205_31934_0400_PP.tif;1,972;0,25899;0,42542;37362,356;-0,15711;severe
251;20051205_31949_0400_PP.tif;1,894;0,28516;0,50404;32250,351;-0,06693;severe
252;20051205_31994_0400_PP.tif;1,886;0,28648;0,49034;33141,165;-0,09934;severe
253;20051205_32966_0400_PP.tif;1,966;0,26083;0,45001;35763,579;-0,11863;severe
254;20051205_32981_0400_PP.tif;1,991;0,25304;0,47284;34278,966;-0,05922;severe
255;20051205_33006_0400_PP.tif;1,937;0,27206;0,63888;23482,367;0,27371;severe
256;20051205_33012_0400_PP.tif;1,959;0,26529;0,57588;27578,887;0,13526;severe
257;20051205_33025_0400_PP.tif;1,989;0,2539;0,55398;29003,058;0,10617;severe
258;20051205_35099_0400_PP.tif;1,966;0,26083;0,45001;35763,579;-0,11863;severe
259;20051205_35110_0400_PP.tif;1,991;0,25304;0,47284;34278,966;-0,05922;severe
260;20051205_35142_0400_PP.tif;1,781;0,32446;0,76156;15504,565;0,51728;severe
261;20051205_35162_0400_PP.tif;1,950;0,26839;0,61206;25225,984;0,21496;severe
262;20051205_35201_0400_PP.tif;1,950;0,26706;0,62983;24070,954;0,25933;severe
263;20051205_35224_0400_PP.tif;1,890;0,28758;0,69039;20132,638;0,37912;severe
264;20051205_35246_0400_PP.tif;1,994;0,25203;0,54473;29604,527;0,08939;severe
265;20051205_35276_0400_PP.tif;1,791;0,30423;0,3947;39359,989;-0,32493;severe
266;20051205_35305_0400_PP.tif;1,999;0,25029;0,48313;33610,022;-0,03376;severe
267;20051205_35323_0400_PP.tif;1,985;0,25538;0,54297;29719,156;0,0794;severe
268;20051205_35339_0400_PP.tif;1,962;0,26313;0,38567;39947,447;-0,22881;severe
269;20051205_35354_0400_PP.tif;1,985;0,25521;0,50328;32299,464;-0,00389;severe
270;20051205_35392_0400_PP.tif;1,982;0,25668;0,56222;28467,337;0,11947;severe
271;20051205_35408_0400_PP.tif;1,885;0,29168;0,67932;20852,487;0,34617;severe
272;20051205_35417_0400_PP.tif;1,984;0,25532;0,46493;34793,376;-0,07898;severe
273;20051205_35432_0400_PP.tif;1,992;0,25292;0,50291;32324,019;-3,00E-05;severe
274;20051205_57548_0400_PP.tif;1,965;0,262;0,39048;39634,824;-0,21908;noRD
275;20051205_57651_0400_PP.tif;1,910;0,2818;0,665;21783,429;0,32381;noRD
276;20051205_57704_0400_PP.tif;1,951;0,26726;0,62126;24628,173;0,23861;noRD
277;20051205_57723_0400_PP.tif;1,998;0,25072;0,47371;34222,461;-0,05266;noRD
278;20051205_57757_0400_PP.tif;1,912;0,2767;0,44955;35793,842;-0,1568;noRD
279;20051205_57780_0400_PP.tif;1,919;0,27534;0,47061;34423,877;-0,11329;noRD
280;20051205_57799_0400_PP.tif;1,970;0,26035;0,59811;26133,056;0,19504;noRD
281;20051205_57809_0400_PP.tif;1,956;0,26496;0,62213;24571,328;0,24419;noRD
282;20051205_57838_0400_PP.tif;1,847;0,30808;0,58588;26928,267;0,07828;noRD
283;20051205_57879_0400_PP.tif;1,947;0,26661;0,46218;34972,01;-0,10932;noRD
284;20051207_54614_0400_PP.tif;1,997;0,25118;0,48401;33552,82;-0,0339;moderate
285;20051207_55266_0400_PP.tif;1,974;0,25891;0,59427;26383,297;0,18848;moderate
286;20051207_56219_0400_PP.tif;1,734;0,3556;0,64634;22997,2;0,14946;severe
287;20051207_56227_0400_PP.tif;1,995;0,2518;0,47015;34453,772;-0,06165;severe
288;20051207_62252_0400_PP.tif;1,994;0,25218;0,52715;30747,647;0,05155;moderate
289;20051207_62266_0400_PP.tif;1,992;0,2527;0,54436;29628,36;0,08738;moderate
290;20051207_62275_0400_PP.tif;1,979;0,25716;0,5846;27011,664;0,16918;moderate
291;20051207_62320_0400_PP.tif;1,772;0,32495;0,77341;14734,129;0,54664;moderate
292;20051208_39243_0400_PP.tif;1,978;0,25761;0,41284;38180,475;-0,17437;mild
293;20051208_39254_0400_PP.tif;1,949;0,26849;0,61669;24924,943;0,22582;mild
294;20051208_39297_0400_PP.tif;1,948;0,26656;0,47256;34297,223;-0,08933;mild
295;20051208_39404_0400_PP.tif;1,999;0,25021;0,49871;32597,059;-0,00302;mild
296;20051208_39438_0400_PP.tif;1,977;0,25837;0,56905;28023,197;0,13183;mild
297;20051208_39462_0400_PP.tif;1,983;0,25622;0,56469;28306,266;0,12582;mild
298;20051208_39484_0400_PP.tif;1,842;0,30595;0,71559;18493,744;0,4202;mild
299;20051208_39498_0400_PP.tif;1,925;0,27838;0,62542;24357,574;0,23137;mild
300;20051208_39524_0400_PP.tif;1,993;0,25242;0,53305;30363,576;0,0636;mild
301;20051208_39532_0400_PP.tif;1,995;0,25178;0,50585;32132,373;0,00823;mild
302;20051208_39546_0400_PP.tif;1,988;0,25426;0,43557;36702,346;-0,12912;mild
303;20051208_39572_0400_PP.tif;1,991;0,25336;0,53613;30163,495;0,06842;mild
304;20051208_40972_0400_PP.tif;1,998;0,25054;0,52264;31040,563;0,04522;severe
305;20051208_41318_0400_PP.tif;1,991;0,2532;0,55658;28833,633;0,11315;severe
306;20051208_41373_0400_PP.tif;1,918;0,27481;0,3764;40550,178;-0,27146;severe
307;20051208_41570_0400_PP.tif;1,960;0,26297;0,47395;34206,625;-0,07863;severe
308;20051208_41707_0400_PP.tif;1,962;0,26318;0,38522;39976,945;-0,22959;severe
309;20051208_42314_0400_PP.tif;1,960;0,26274;0,40833;38473,927;-0,1937;severe
310;20051208_42322_0400_PP.tif;1,980;0,25709;0,57274;27783,289;0,14236;severe
311;20051208_42546_0400_PP.tif;1,954;0,26628;0,61939;24749,693;0,23566;severe
312;20051208_42552_0400_PP.tif;1,954;0,26605;0,62232;24558,734;0,24299;severe
313;20051209_38404_0400_PP.tif;1,857;0,28944;0,37976;40331,859;-0,30574;severe
314;20051212_36525_0400_PP.tif;1,976;0,2586;0,58699;26856,597;0,17224;moderate
315;20051212_36548_0400_PP.tif;1,982;0,25643;0,53534;30214,978;0,06093;moderate
316;20051212_36605_0400_PP.tif;1,986;0,25465;0,43495;36742,956;-0,13106;mild
317;20051212_36640_0400_PP.tif;1,982;0,25629;0,57063;27920,292;0,13899;mild
318;20051212_37442_0400_PP.tif;1,955;0,26665;0,60166;25902,482;0,19311;mild
319;20051212_38000_0400_PP.tif;1,959;0,26285;0,42167;37606,205;-0,17241;mild
320;20051212_38043_0400_PP.tif;1,973;0,25924;0,59611;26263,313;0,1922;mild
321;20051212_38076_0400_PP.tif;1,969;0,26137;0,56379;28364,715;0,11465;mild
322;20051212_38106_0400_PP.tif;1,914;0,28219;0,63888;23482,398;0,25861;mild
323;20051212_38130_0400_PP.tif;1,953;0,2674;0,55581;28883,671;0,08548;mild
324;20051212_38161_0400_PP.tif;1,996;0,2515;0,47411;34196,837;-0,05355;mild
325;20051212_40940_0400_PP.tif;1,951;0,26736;0,62324;24499,374;0,24317;severe
326;20051212_41009_0400_PP.tif;1,985;0,25532;0,57153;27861,593;0,14271;severe
327;20051212_41144_0400_PP.tif;1,990;0,25319;0,47354;34233,477;-0,05821;severe
328;20051212_41169_0400_PP.tif;1,984;0,25521;0,4829;33624,891;-0,04449;severe
329;20051212_41432_0400_PP.tif;1,996;0,25125;0,47709;34003,063;-0,04737;severe
330;20051213_62046_0100_PP.tif;1,972;0,25897;0,43855;36508,865;-0,13471;mild
331;20051213_62188_0100_PP.tif;1,993;0,25254;0,52495;30890,849;0,04623;mild
332;20051213_62572_0100_PP.tif;1,857;0,29881;0,71564;18490,75;0,42863;moderate
333;20051214_40361_0100_PP.tif;1,815;0,32369;0,65474;22451,001;0,23317;mild
334;20051214_40456_0100_PP.tif;1,999;0,25036;0,51183;31743,864;0,02322;mild
335;20051214_40596_0100_PP.tif;1,950;0,26876;0,59811;26133,226;0,18124;mild
336;20051214_40719_0100_PP.tif;1,981;0,25611;0,46134;35026,882;-0,08737;mild
337;20051214_41289_0100_PP.tif;1,979;0,25714;0,41839;37819,487;-0,16435;mild
338;20051214_41358_0100_PP.tif;1,931;0,27385;0,64802;22887,98;0,29327;mild
339;20051214_41582_0100_PP.tif;1,923;0,27936;0,62291;24520,338;0,22368;mild
340;20051214_50895_0100_PP.tif;1,812;0,31218;0,74934;16299,407;0,49866;mild
341;20051214_50933_0100_PP.tif;1,991;0,253;0,55354;29031,765;0,10683;mild
342;20051214_51071_0100_PP.tif;1,943;0,27121;0,60437;25726,208;0,19206;mild
343;20051214_51442_0100_PP.tif;1,981;0,25687;0,57442;27674,013;0,14655;mild
344;20051214_52695_0100_PP.tif;1,952;0,26737;0,53661;30132,372;0,04251;mild
345;20051214_53168_0100_PP.tif;1,943;0,2676;0,44378;36169,046;-0,14554;mild
346;20051214_56534_0100_PP.tif;1,950;0,26531;0,42103;37648,21;-0,17935;mild
347;20051214_56565_0100_PP.tif;1,977;0,25804;0,49906;32573,838;-0,01825;mild
348;20051214_57404_0100_PP.tif;1,973;0,25979;0,54822;29377,418;0,08274;mild
349;20051214_57817_0100_PP.tif;1,983;0,25557;0,45838;35219,282;-0,09163;noRD
350;20051216_43814_0200_PP.tif;1,985;0,25524;0,43183;36946,094;-0,13771;noRD
351;20051216_43913_0200_PP.tif;1,908;0,28503;0,57812;27433,491;0,1044;noRD
352;20051216_44066_0200_PP.tif;1,972;0,25893;0,42607;37320,501;-0,15589;noRD
353;20051216_44092_0200_PP.tif;1,994;0,25208;0,50036;32489,396;-0,00346;noRD
354;20051216_44221_0200_PP.tif;1,676;0,36778;0,79383;13406,563;0,55998;noRD
355;20051216_44252_0200_PP.tif;1,850;0,30021;0,2761;47072,211;-0,44802;noRD
356;20051216_44398_0200_PP.tif;1,998;0,25071;0,47337;34244,801;-0,05329;noRD
357;20051216_44939_0200_PP.tif;1,996;0,25128;0,46467;34810,207;-0,07073;mild
358;20051216_44961_0200_PP.tif;1,920;0,27813;0,65761;22264,167;0,31067;mild
359;20051216_45100_0200_PP.tif;1,630;0,38699;0,80649;12582,939;0,57651;moderate
360;20051216_45226_0200_PP.tif;1,964;0,26345;0,58016;27300,586;0,14834;severe
361;20051216_45245_0200_PP.tif;1,992;0,2527;0,45529;35420,519;-0,09096;severe
362;20051216_45351_0200_PP.tif;1,990;0,25337;0,48487;33496,566;-0,03677;mild
363;20051216_45375_0200_PP.tif;1,878;0,29336;0,69038;20133,598;0,3718;moderate
364;20051216_45757_0200_PP.tif;1,929;0,2748;0,64879;22837,817;0,29381;mild
365;20051216_45899_0200_PP.tif;1,991;0,25292;0,47716;33998,433;-0,05075;moderate
366;20051216_46624_0200_PP.tif;1,936;0,27274;0,63651;23636,566;0,26698;severe
367;20051216_46660_0200_PP.tif;1,983;0,25569;0,43239;36909,223;-0,13778;severe
368;20051216_46827_0200_PP.tif;1,994;0,25226;0,5071;32051,272;0,00982;severe
369;20051216_46847_0200_PP.tif;1,951;0,26747;0,62107;24640,01;0,23785;mild
370;20051216_47383_0200_PP.tif;1,993;0,25258;0,51838;31317,735;0,03241;mild
371;20060119_41191_0200_PP.tif;1,924;0,27574;0,66043;22080,667;0,32085;moderate
372;20060407_40937_0200_PP.tif;1,832;0,31331;0,70015;19497,933;0,37104;moderate
373;20060407_40957_0200_PP.tif;1,890;0,29067;0,66791;21594,289;0,31881;moderate
374;20060407_44766_0200_PP.tif;1,936;0,27229;0,643;23214,354;0,28335;noRD
375;20060407_44866_0200_PP.tif;1,628;0,40225;0,74892;16326,592;0,38717;noRD
376;20060407_44889_0200_PP.tif;1,948;0,26679;0,38344;40092,224;-0,24107;noRD
377;20060407_45087_0200_PP.tif;1,976;0,25832;0,40877;38445,054;-0,18247;noRD
378;20060407_45107_0200_PP.tif;1,846;0,3085;0,68793;20292,738;0,34549;noRD
379;20060407_45230_0200_PP.tif;1,981;0,25617;0,48272;33636,557;-0,04687;noRD
380;20060407_45247_0200_PP.tif;1,995;0,25171;0,52916;30616,809;0,05669;noRD
381;20060407_45362_0200_PP.tif;1,945;0,2709;0,57514;27627,123;0,12351;noRD
382;20060407_45379_0200_PP.tif;1,981;0,25623;0,48223;33668,482;-0,04794;noRD
383;20060407_45477_0200_PP.tif;1,973;0,25976;0,52715;30747,546;0,03691;mild
384;20060407_45494_0200_PP.tif;1,887;0,28253;0,41977;37730,021;-0,22437;mild
385;20060407_45592_0200_PP.tif;1,996;0,25145;0,46851;34560,435;-0,06395;moderate
386;20060407_45611_0200_PP.tif;1,986;0,25483;0,56579;28235,022;0,13069;mild
387;20060407_45718_0200_PP.tif;1,921;0,27383;0,38611;39919,019;-0,25506;noRD
388;20060407_46422_0200_PP.tif;1,937;0,27088;0,49399;32903,836;-0,05606;mild
389;20060410_39355_0200_PP.tif;1,968;0,26034;0,46616;34713,243;-0,08768;moderate
390;20060410_39606_0200_PP.tif;1,935;0,27202;0,50276;32333,259;-0,04028;moderate
391;20060410_40146_0200_PP.tif;1,936;0,26955;0,39883;39091,787;-0,22519;mild
392;20060410_40165_0200_PP.tif;1,946;0,26782;0,37295;40774,349;-0,25834;mild
393;20060410_40254_0200_PP.tif;1,929;0,27269;0,47398;34204,711;-0,1005;moderate
394;20060410_40274_0200_PP.tif;1,958;0,26418;0,3837;40075,522;-0,23424;moderate
395;20060410_40481_0200_PP.tif;1,910;0,28216;0,66247;21948,131;0,31706;moderate
396;20060410_40605_0200_PP.tif;1,946;0,26674;0,44408;36149,425;-0,14297;mild
397;20060410_40830_0200_PP.tif;1,855;0,30468;0,68469;20503,472;0,34231;moderate
398;20060410_41191_0200_PP.tif;1,990;0,25368;0,53591;30178,046;0,06735;mild
399;20060410_41356_0200_PP.tif;1,984;0,25529;0,48171;33702,228;-0,04697;mild
400;20060410_41626_0200_PP.tif;1,930;0,27448;0,6481;22882,929;0,29257;moderate
401;20060410_41767_0200_PP.tif;1,988;0,2543;0,55064;29220,11;0,09814;moderate
402;20060410_44953_0200_PP.tif;1,976;0,25865;0,58481;26997,865;0,16719;moderate
403;20060410_46893_0200_PP.tif;2,000;0,25006;0,50236;32359,459;0,00459;moderate
404;20060410_47016_0200_PP.tif;1,999;0,25042;0,50435;32230,393;0,00789;moderate
405;20060410_47166_0200_PP.tif;1,999;0,25043;0,51068;31818,337;0,02073;moderate
406;20060410_47331_0200_PP.tif;1,997;0,25109;0,49957;32541,174;-0,00307;moderate
407;20060411_57879_0200_PP.tif;1,958;0,26365;0,3986;39106,659;-0,21097;severe
408;20060411_57962_0200_PP.tif;1,984;0,2558;0,56703;28154,074;0,13178;moderate
409;20060411_57986_0200_PP.tif;1,956;0,26565;0,61397;25102,129;0,22379;moderate
410;20060411_58051_0200_PP.tif;1,990;0,25368;0,55677;28821,402;0,11272;moderate
411;20060411_58071_0200_PP.tif;1,992;0,2528;0,45901;35178,262;-0,08443;noRD
412;20060411_58134_0200_PP.tif;1,910;0,28383;0,64368;23169,914;0,26805;mild
413;20060411_58155_0200_PP.tif;1,898;0,28891;0,57875;27392,385;0,09851;moderate
414;20060411_58221_0200_PP.tif;1,997;0,25095;0,46963;34487,66;-0,0608;severe
415;20060411_58238_0200_PP.tif;1,992;0,2527;0,46274;34935,71;-0,07735;severe
416;20060411_58303_0200_PP.tif;1,836;0,30822;0,54936;29303,027;-0,01446;severe
417;20060411_58328_0200_PP.tif;1,982;0,25656;0,56042;28583,87;0,11569;severe
418;20060411_58392_0200_PP.tif;1,913;0,28072;0,66121;22030,48;0,31593;noRD
419;20060411_58413_0200_PP.tif;1,791;0,33401;0,67716;20993,067;0,27835;noRD
420;20060411_58469_0200_PP.tif;1,992;0,25305;0,53018;30550,196;0,05632;noRD
421;20060411_58494_0200_PP.tif;1,910;0,27694;0,44167;36306,146;-0,17185;noRD
422;20060411_58550_0200_PP.tif;1,904;0,28687;0,63012;24051,685;0,22951;noRD
423;20060411_58571_0200_PP.tif;1,964;0,26229;0,61068;25315,892;0,22128;noRD
424;20060411_58624_0200_PP.tif;1,997;0,25118;0,46598;34724,966;-0,06809;mild
425;20060411_58644_0200_PP.tif;1,888;0,28971;0,68113;20734,909;0,35332;noRD
426;20060411_58718_0200_PP.tif;1,955;0,26408;0,41695;37913,22;-0,18311;moderate
427;20060411_58736_0200_PP.tif;1,953;0,26638;0,51491;31543,563;-0,0026;moderate
428;20060411_58808_0200_PP.tif;1,972;0,25983;0,58861;26751,146;0,17393;noRD
429;20060411_58829_0200_PP.tif;1,999;0,25049;0,51235;31709,832;0,02403;noRD
430;20060411_58971_0200_PP.tif;1,627;0,36853;0,84193;10278,826;0,68282;moderate
431;20060411_58993_0200_PP.tif;1,790;0,31965;0,76114;15532,387;0,52087;moderate
432;20060411_59062_0200_PP.tif;1,935;0,27254;0,6444;23123,261;0,28638;mild
433;20060411_59087_0200_PP.tif;1,975;0,25891;0,57581;27583,638;0,1462;mild
434;20060411_59176_0200_PP.tif;1,996;0,25142;0,5177;31362,241;0,03325;mild
435;20060411_59190_0200_PP.tif;1,957;0,26341;0,43677;36624,329;-0,14808;mild
436;20060411_59549_0200_PP.tif;1,991;0,25319;0,54133;29825,162;0,07992;mild
437;20060411_59587_0200_PP.tif;1,966;0,26125;0,47862;33903,151;-0,06577;mild
438;20060411_59638_0200_PP.tif;1,992;0,25286;0,52349;30985,73;0,04254;mild
439;20060411_59657_0200_PP.tif;1,862;0,29905;0,54643;29493,543;-0,00103;mild
440;20060411_59728_0200_PP.tif;1,988;0,25423;0,56136;28522,721;0,1219;mild
441;20060411_59747_0200_PP.tif;1,994;0,2523;0,53833;30020,731;0,07511;mild
442;20060411_59812_0200_PP.tif;1,931;0,27426;0,52098;31148,711;-0,00598;severe
443;20060411_59859_0200_PP.tif;1,951;0,26635;0,37984;40326,632;-0,2451;severe
444;20060411_59919_0200_PP.tif;1,967;0,26094;0,48841;33266,765;-0,0458;severe
445;20060411_59941_0200_PP.tif;1,985;0,25514;0,51417;31591,48;0,01864;mild
446;20060411_60009_0200_PP.tif;1,951;0,26563;0,39231;39515,888;-0,22528;mild
447;20060411_60028_0200_PP.tif;1,833;0,30867;0,7245;17914,442;0,43973;moderate
448;20060411_60263_0200_PP.tif;1,965;0,26291;0,5424;29756,029;0,06398;mild
449;20060411_60283_0200_PP.tif;1,978;0,25735;0,48857;33256,396;-0,03786;moderate
450;20060411_60533_0200_PP.tif;1,997;0,25091;0,50632;32102,291;0,01089;moderate
451;20060411_61060_0200_PP.tif;1,983;0,25574;0,43053;37030,406;-0,14105;moderate
452;20060411_61196_0200_PP.tif;1,990;0,25367;0,54759;29418,73;0,09261;severe
453;20060411_61214_0200_PP.tif;1,835;0,30492;0,73432;17275,821;0,46863;severe
454;20060411_61478_0200_PP.tif;1,990;0,2532;0,46298;34920,049;-0,078;severe
455;20060411_61494_0200_PP.tif;1,999;0,2502;0,49201;33032,69;-0,01628;severe
456;20060411_61548_0200_PP.tif;1,903;0,27814;0,39679;39224,63;-0,25018;moderate
457;20060411_61624_0200_PP.tif;1,972;0,25973;0,5971;26198,836;0,19371;severe
458;20060411_61641_0200_PP.tif;1,905;0,2857;0,64717;22943,436;0,27393;severe
459;20060411_61687_0200_PP.tif;1,957;0,26371;0,40625;38608,968;-0,19931;moderate
460;20060411_61808_0200_PP.tif;1,900;0,28448;0,67946;20843,607;0,35597;severe
461;20060411_61952_0200_PP.tif;1,908;0,28214;0,66823;21573,89;0,33131;moderate
462;20060411_61979_0200_PP.tif;1,997;0,2509;0,488;33293,469;-0,02557;moderate
463;20060411_62228_0200_PP.tif;1,970;0,26094;0,56766;28113,278;0,12416;moderate
464;20060411_62250_0200_PP.tif;1,999;0,2502;0,49024;33147,519;-0,01974;moderate
465;20060411_62298_0200_PP.tif;1,940;0,27025;0,50459;32214,381;-0,03261;severe
466;20060411_62373_0200_PP.tif;1,914;0,28118;0,65579;22382,823;0,30192;severe
467;20060411_62390_0200_PP.tif;1,943;0,26776;0,46135;35026,411;-0,11355;severe
468;20060412_51656_0200_PP.tif;1,966;0,26162;0,3924;39509,97;-0,21532;moderate
469;20060412_51775_0200_PP.tif;1,989;0,25376;0,49449;32871,244;-0,01864;moderate
470;20060412_51952_0200_PP.tif;1,989;0,25359;0,45789;35251,568;-0,0882;severe
471;20060412_52245_0200_PP.tif;1,995;0,25163;0,50892;31932,734;0,01477;severe
472;20060412_52446_0200_PP.tif;1,977;0,25792;0,58892;26730,961;0,17781;noRD
473;20060412_52497_0200_PP.tif;1,907;0,28183;0,5135;31635,222;-0,03877;severe
474;20060412_52520_0200_PP.tif;1,972;0,2602;0,57034;27938,948;0,13155;severe
475;20060412_52587_0200_PP.tif;1,990;0,25364;0,55066;29218,674;0,09937;moderate
476;20060412_52606_0200_PP.tif;1,960;0,26371;0,61411;25093,054;0,22713;noRD
477;20060412_52668_0200_PP.tif;1,952;0,26741;0,60934;25402,804;0,21006;mild
478;20060412_52685_0200_PP.tif;1,982;0,25577;0,45396;35506,861;-0,10013;mild
479;20060412_52758_0200_PP.tif;1,941;0,27167;0,62358;24476,872;0,23739;moderate
480;20060412_52777_0200_PP.tif;1,988;0,25445;0,55591;28877,534;0,10945;mild
481;20060412_52840_0200_PP.tif;1,972;0,25959;0,40295;38823,615;-0,19453;moderate
482;20060412_52860_0200_PP.tif;1,918;0,27829;0,66426;21831,53;0,32676;mild
483;20060412_52910_0200_PP.tif;1,989;0,25395;0,53049;30530,235;0,05526;severe
484;20060412_52931_0200_PP.tif;1,999;0,25018;0,51338;31643,024;0,02674;severe
485;20060412_52978_0200_PP.tif;1,998;0,25078;0,491;33098,436;-0,01946;moderate
486;20060412_52997_0200_PP.tif;1,999;0,25031;0,48684;33368,578;-0,0266;moderate
487;20060412_53045_0200_PP.tif;1,825;0,30687;0,26509;47787,956;-0,47481;severe
488;20060412_57650_0200_PP.tif;1,992;0,25274;0,5324;30405,986;0,06162;mild
489;20060412_57680_0200_PP.tif;1,959;0,26487;0,53115;30487,649;0,03547;severe
490;20060412_57846_0200_PP.tif;1,960;0,26418;0,60902;25423,652;0,21443;moderate
491;20060412_57874_0200_PP.tif;1,969;0,26157;0,57352;27732,477;0,13636;noRD
492;20060412_57952_0200_PP.tif;1,981;0,25685;0,53981;29924,593;0,0698;noRD
493;20060412_57974_0200_PP.tif;1,971;0,26086;0,5479;29398,479;0,08001;noRD
494;20060412_58032_0200_PP.tif;1,961;0,26228;0,4181;37838,741;-0,17693;noRD
495;20060412_58054_0200_PP.tif;1,918;0,28145;0,60876;25440,962;0,18553;noRD
496;20060412_58137_0200_PP.tif;1,950;0,26649;0,38017;40305,32;-0,24498;noRD
497;20060412_58171_0200_PP.tif;1,997;0,25119;0,53346;30336,966;0,06678;moderate
498;20060412_58287_0200_PP.tif;1,992;0,25274;0,55218;29120,019;0,10432;mild
499;20060412_58314_0200_PP.tif;1,986;0,25516;0,55907;28671,918;0,11516;mild
500;20060412_58368_0200_PP.tif;1,968;0,26016;0,42284;37530,678;-0,16413;noRD
501;20060412_58387_0200_PP.tif;1,974;0,25861;0,41487;38048,947;-0,17349;moderate
502;20060412_58471_0200_PP.tif;1,968;0,26168;0,5864;26894,507;0,16576;mild
503;20060412_58497_0200_PP.tif;1,942;0,26776;0,44109;36343,901;-0,15072;mild
504;20060412_58548_0200_PP.tif;1,891;0,29252;0,62481;24397,387;0,20686;mild
505;20060412_58563_0200_PP.tif;1,938;0,27126;0,35474;41958,515;-0,29093;severe
506;20060412_58638_0200_PP.tif;1,964;0,26279;0,52628;30804,381;0,02903;severe
507;20060412_58668_0200_PP.tif;1,963;0,26318;0,59847;26109,702;0,19129;moderate
508;20060412_58723_0200_PP.tif;1,986;0,25518;0,53451;30268,841;0,06153;noRD
509;20060412_58747_0200_PP.tif;1,997;0,25108;0,53217;30420,927;0,06424;moderate
510;20060412_58802_0200_PP.tif;1,899;0,28532;0,67813;20930,009;0,35159;noRD
511;20060412_58819_0200_PP.tif;1,981;0,25711;0,55103;29194,557;0,09388;noRD
512;20060412_58869_0200_PP.tif;1,973;0,2595;0,5936;26426,631;0,18598;severe
513;20060412_58889_0200_PP.tif;1,997;0,25096;0,49303;32966,464;-0,01582;severe
514;20060412_58945_0200_PP.tif;1,923;0,27725;0,65156;22657,975;0,29708;moderate
515;20060412_58965_0200_PP.tif;1,974;0,25897;0,59467;26357,23;0,1893;moderate
516;20060412_59012_0200_PP.tif;1,992;0,25268;0,46743;34631,13;-0,06863;mild
517;20060412_59037_0200_PP.tif;1,832;0,31559;0,6812;20730,239;0,31769;moderate
518;20060412_59100_0200_PP.tif;1,971;0,25914;0,45258;35596,226;-0,11014;moderate
519;20060412_59124_0200_PP.tif;1,909;0,27659;0,41593;37979,695;-0,21562;mild
520;20060412_59175_0200_PP.tif;1,994;0,25198;0,49658;32735,627;-0,01084;noRD
521;20060412_59196_0200_PP.tif;1,989;0,25357;0,4596;35139,782;-0,085;noRD
522;20060412_59242_0200_PP.tif;1,984;0,25557;0,56554;28251,159;0,12885;mild
523;20060412_59259_0200_PP.tif;1,993;0,25254;0,45312;35561,178;-0,09453;noRD
524;20060412_59400_0200_PP.tif;1,881;0,2965;0,61328;25146,94;0,17071;moderate
525;20060412_59636_0200_PP.tif;1,978;0,25741;0,41431;38084,78;-0,17156;moderate
526;20060412_59658_0200_PP.tif;1,910;0,28462;0,61576;24985,436;0,19746;moderate
527;20060412_59717_0200_PP.tif;1,986;0,25494;0,55313;29058,264;0,10244;severe
528;20060412_59735_0200_PP.tif;1,967;0,26238;0,56245;28452,074;0,10979;severe
529;20060412_60337_0200_PP.tif;1,835;0,30741;0,72464;17905,544;0,44151;moderate
530;20060412_60396_0200_PP.tif;1,996;0,2513;0,4646;34814,981;-0,07091;moderate
531;20060412_60454_0200_PP.tif;1,849;0,30961;0,63807;23534,825;0,21225;mild
532;20060412_60475_0200_PP.tif;1,978;0,25756;0,41462;38064,896;-0,1714;moderate
533;20060412_60545_0200_PP.tif;1,974;0,25855;0,46838;34568,846;-0,07955;mild
534;20060412_60573_0200_PP.tif;1,985;0,25503;0,44781;35906,531;-0,10951;moderate
535;20060412_60913_0200_PP.tif;1,975;0,25865;0,50793;31997,074;-0,00134;severe
536;20060412_61169_0200_PP.tif;1,953;0,26601;0,62627;24302,402;0,25242;severe
537;20060412_61251_0200_PP.tif;1,988;0,25414;0,56375;28367,823;0,12735;moderate
538;20060412_61299_0200_PP.tif;1,963;0,26162;0,44799;35894,951;-0,12408;moderate
539;20060412_61316_0200_PP.tif;1,977;0,25811;0,51383;31613,455;0,01201;moderate
540;20060412_61593_0200_PP.tif;1,969;0,26029;0,40896;38432,932;-0,18685;moderate
541;20060412_61615_0200_PP.tif;1,914;0,28307;0,60165;25903,033;0,16533;moderate
542;20060412_61681_0200_PP.tif;1,989;0,25373;0,44057;36377,485;-0,11932;moderate
543;20060412_62936_0200_PP.tif;1,989;0,254;0,55363;29025,477;0,10524;severe
544;20060412_62960_0200_PP.tif;1,949;0,26748;0,63086;24003,616;0,26118;severe
545;20060412_63009_0200_PP.tif;1,933;0,27372;0,64363;23173,087;0,28283;moderate
546;20060412_63032_0200_PP.tif;1,915;0,28121;0,6491;22817,581;0,28536;moderate
547;20060412_63088_0200_PP.tif;1,959;0,26385;0,49844;32614,599;-0,03171;moderate
548;20060412_63104_0200_PP.tif;1,929;0,2715;0,43824;36529,309;-0,16474;moderate
549;20060522_43643_0100_PP.tif;1,992;0,25279;0,4601;35107,709;-0,08241;noRD
550;20060522_43758_0100_PP.tif;1,972;0,25974;0,59173;26548,224;0,18127;noRD
551;20060522_45069_0100_PP.tif;1,947;0,2672;0,47976;33828,828;-0,07664;noRD
552;20060522_45111_0100_PP.tif;1,965;0,26122;0,41507;38035,579;-0,17933;noRD
553;20060522_45212_0100_PP.tif;1,999;0,25041;0,49903;32576,155;-0,00279;mild
554;20060522_45248_0100_PP.tif;1,994;0,25196;0,47285;34278,582;-0,0569;mild
555;20060522_45402_0100_PP.tif;1,961;0,26232;0,43629;36655,669;-0,14638;moderate
556;20060522_45455_0100_PP.tif;1,976;0,25769;0,43635;36652,047;-0,13557;mild
557;20060522_45777_0100_PP.tif;1,718;0,36466;0,70732;19031,536;0,31669;noRD
558;20060522_45796_0100_PP.tif;1,959;0,26417;0,61508;25029,899;0,22872;noRD
559;20060522_45853_0100_PP.tif;1,768;0,33873;0,60896;25427,709;0,07584;noRD
560;20060522_45873_0100_PP.tif;1,974;0,2589;0,59428;26382,483;0,18853;noRD
561;20060522_45935_0100_PP.tif;1,921;0,27674;0,33681;43124,371;-0,32668;moderate
562;20060522_45967_0100_PP.tif;1,952;0,26728;0,53083;30508,434;0,02995;moderate
563;20060522_46104_0100_PP.tif;1,967;0,2611;0,39969;39035,484;-0,20313;noRD
564;20060522_46266_0100_PP.tif;2,000;0,25001;0,50301;32317,026;0,00601;mild
565;20060523_43016_0100_PP.tif;1,995;0,25167;0,46703;34656,977;-0,0672;moderate
566;20060523_43038_0100_PP.tif;1,894;0,28197;0,34893;42336,732;-0,32642;mild
567;20060523_43267_0100_PP.tif;1,949;0,26613;0,39675;39226,783;-0,21986;mild
568;20060523_45216_0100_PP.tif;1,901;0,28369;0,68251;20645,124;0,36453;mild
569;20060523_45235_0100_PP.tif;1,853;0,30398;0,69689;19709,779;0,37475;mild
570;20060523_45369_0100_PP.tif;1,946;0,26702;0,39109;39594,899;-0,23054;mild
571;20060523_48425_0100_PP.tif;1,963;0,26335;0,59877;26090,621;0,19171;moderate
572;20060523_48816_0100_PP.tif;1,988;0,25423;0,50246;32352,869;-0,00358;moderate
573;20060523_50003_0100_PP.tif;1,972;0,25905;0,43712;36601,966;-0,13737;severe
574;20060523_50019_0100_PP.tif;1,986;0,25485;0,43444;36776,287;-0,13239;severe
575;20060523_50135_0100_PP.tif;1,970;0,26126;0,56249;28449,207;0,11192;mild
576;20060523_50153_0100_PP.tif;1,936;0,27248;0,63825;23523,219;0,27157;noRD
577;20060523_50234_0100_PP.tif;1,994;0,25196;0,45657;35336,948;-0,08703;severe
578;20060523_50262_0100_PP.tif;1,995;0,2518;0,46015;35104,333;-0,08017;severe
579;20060523_50325_0100_PP.tif;1,988;0,25382;0,4565;35341,551;-0,09122;noRD
580;20060523_50342_0100_PP.tif;1,931;0,27519;0,63645;23640,506;0,26319;noRD
581;20060523_50392_0100_PP.tif;1,931;0,27349;0,65241;22602,652;0,30443;mild
582;20060523_50408_0100_PP.tif;1,985;0,25506;0,45121;35685,334;-0,10351;moderate
583;20060523_50469_0100_PP.tif;1,989;0,25412;0,53107;30492,739;0,05616;severe
584;20060523_50489_0100_PP.tif;1,993;0,25221;0,46325;34902,687;-0,07536;severe
585;20060523_50539_0100_PP.tif;1,944;0,26738;0,39483;39351,79;-0,22584;severe
586;20060523_50556_0100_PP.tif;1,987;0,25455;0,4326;36895,776;-0,13483;severe
587;20060523_50616_0100_PP.tif;1,949;0,26906;0,58814;26781,479;0,15723;noRD
588;20060523_50631_0100_PP.tif;1,993;0,25236;0,54402;29650,819;0,08725;noRD
589;20060523_50707_0100_PP.tif;1,950;0,2687;0,5883;26771,398;0,15821;severe
590;20060523_50730_0100_PP.tif;1,946;0,26935;0,62289;24521,91;0,23931;mild
591;20060523_50790_0100_PP.tif;1,976;0,25774;0,43752;36575,867;-0,13368;severe
592;20060529_56834_0100_PP.tif;1,999;0,25048;0,49688;32715,568;-0,00719;mild
593;20060529_56853_0100_PP.tif;1,997;0,25099;0,46976;34479,432;-0,06066;mild
594;20060529_57156_0100_PP.tif;1,777;0,32544;0,765;15280,942;0,52504;mild
595;20060530_54718_0100_PP.tif;1,989;0,25371;0,49259;32994,596;-0,0223;moderate
596;20060530_55203_0100_PP.tif;1,987;0,25474;0,55858;28704,004;0,11482;moderate
597;20060530_55370_0100_PP.tif;1,938;0,27132;0,35425;41990,815;-0,29171;moderate
598;20060530_55390_0100_PP.tif;1,936;0,26942;0,40747;38529,826;-0,21138;moderate
599;20060530_55451_0100_PP.tif;1,980;0,2575;0,54984;29271,853;0,09054;moderate
600;20060530_55468_0100_PP.tif;1,978;0,25714;0,48142;33721,38;-0,05146;moderate
;;;;;;;
;;;;;;;
;;;;;;;
;;;;;;;
;;;;;;;
